id;orders_line_extra_name;orders_line_extra_value;orders_line_extra_price;orders_option_description;full_photo;full_photo_content_type;full_photo_url;thumbnail_photo;thumbnail_photo_content_type;thumbnail_photo_url
1;Delaware withdrawal;relationships;75382;Games reciprocal Borders;426564666f72647368697265;image/png;Personal Loan Account migration;426564666f7264736869726520686f6c6973746963204469766973696f6e;image/png;Chicken Fish Practical
2;Direct Pula bus;global Jewelery Intelligent Wooden Pants;21339;invoice Pizza;4b776163686120657870657269656e636573204c696265726961;image/png;grow;6369726375697420696d706c656d656e74;image/png;optical
3;Jewelery;Personal Loan Account indexing Intelligent;55898;Buckinghamshire hard drive Venezuela;576f6f64656e20446174612068617264206472697665;image/png;architect Fresh SAS;64796e616d696320534153;image/png;Buckinghamshire Gorgeous Plastic Soap Intranet
4;parsing Investor Computers;Car salmon Home;39068;pink;414920436865636b696e67204163636f756e74205365616d6c657373;image/png;asymmetric e-services;696e766f696365204c656f6e65206465706f736974;image/png;redundant
5;quantify Tasty eco-centric;Group;91473;Movies Motorway Officer;41646d696e6973747261746f72;image/png;microchip hard drive;6d697373696f6e2d637269746963616c;image/png;Berkshire
6;modular intermediate payment;Rubber Checking Account Car;92552;Incredible Cotton Computer Nepalese Rupee Plaza;6465706f736974;image/png;Coordinator Organic Tenge;436865636b696e67204163636f756e74;image/png;Sausages Wooden Dale
7;Implementation capacitor;Electronics quantify Credit Card Account;37355;Fantastic Rubber Chair incubate Functionality;62757320536176696e6773204163636f756e74;image/png;Dominican Peso Technician Sleek;556e6272616e646564;image/png;Unbranded redundant AGP
8;convergence system Industrial;Polarised New Zealand;67067;Swedish Krona;70726f6772616d6d696e67;image/png;circuit;72656420616e616c797a696e67;image/png;Senior
9;Landing program;Credit Card Account Checking Account;37220;software SAS revolutionize;62656e63686d61726b;image/png;compress matrix;44796e616d696320536f757468204361726f6c696e61;image/png;global PCI
10;Internal deposit neural;e-commerce AGP;63795;navigating Berkshire Nigeria;6e6574776f726b73;image/png;regional e-markets;4265726b73686972652050726163746963616c204772616e697465204368616972;image/png;yellow real-time interface
