id;orders_line_name;orders_line_value;orders_line_price;orders_line_description;thumbnail_photo;thumbnail_photo_content_type;full_photo;full_photo_content_type;full_photo_url;thumbnail_photo_url
1;Shirt Home;Granite Bedfordshire Fresh;83548;productize;417373697374616e74205765737465726e20536168617261;image/png;536869727420546f6f6c73204469726563746f72;image/png;Wallis and Futuna Shoes Malawi;Cheese Streamlined
2;action-items secured line next generation;Car;50744;Pound Sterling Versatile;417263686974656374;image/png;6d61726f6f6e206d6f62696c65;image/png;SQL Money Market Account South Carolina;Fall interface
3;Refined Granite Fish;Future Frozen;59301;Credit Card Account back-end Track;4272697469736820496e6469616e204f6365616e205465727269746f72792028436861676f7320417263686970656c61676f29204c6963656e736564204d6574616c2042616c6c20547261696c;image/png;4170706c69636174696f6e73;image/png;Executive Buckinghamshire;Borders function Bedfordshire
4;salmon index;Home Loan Account Central;36226;bus Principal;4e65772048616d707368697265206d6f62696c652046616c6c;image/png;7375636365737320427573696e6573732d666f637573656420737472756374757265;image/png;Burg;Orchestrator azure
5;Shoes Viaduct Kwanza;SMS Bulgaria withdrawal;64447;synthesizing B2B;6f6c69766520417373697374616e7420496e6372656469626c65;image/png;6e6578742d67656e65726174696f6e207061796d656e742052757374696320537465656c20436865657365;image/png;transmit invoice program;Rial Omani Ergonomic target
6;Gorgeous infomediaries utilize;forecast;54913;invoice;53514c2054616b61;image/png;5265616374697665204361706520537465656c;image/png;whiteboard composite Synergistic;engineer
7;Marketing;transitional Garden;58325;overriding Nicaragua;677265792073797374656d73;image/png;506173736167652067656e65726174696e67;image/png;Generic Metal Hat Multi-lateral;Stand-alone projection intermediate
8;Brazil Frozen;port target Ball;88199;quantifying;617578696c6961727920706f7274;image/png;656e642d746f2d656e64;image/png;bypass system engine Refined;Concrete Texas
9;local area network solid state Chief;functionalities seize;93632;Burundi Franc Metal Sleek Rubber Shirt;5265616c69676e6564;image/png;5365796368656c6c657320527570656520506172616469676d2061747469747564652d6f7269656e746564;image/png;bluetooth invoice;Fantastic
10;Markets Cambridgeshire;Locks Intelligent;63442;navigate Movies;70726f6772616d207265696e7465726d65646961746520525353;image/png;486f6d6520656e61626c65;image/png;deposit monitor utilisation;Fantastic Metal Fish Extensions
