id;payment_method;description;active
1;United States of America;New Zealand Dollar;false
2;Tactics;Frozen Malagasy Ariary;false
3;unleash;Djibouti Franc generate Group;true
4;Auto Loan Account;Handcrafted Granite Shirt Vermont Savings Account;true
5;Team-oriented Shoes feed;program Stravenue;true
6;tan Plastic regional;Mission Bacon;true
7;XML Bridge;niches;true
8;Outdoors cohesive blue;RSS;false
9;Saint Barthelemy;bypassing Nigeria Associate;false
10;Buckinghamshire Administrator;Representative;true
