id;payment_date;payment_provider;amount;payment_status;curency;customer_name
1;2019-05-09T19:52:14;hard drive;61721;PENDING;Plastic;Home Shoes
2;2019-05-09T18:45:52;vortals;98423;PENDING;Gorgeous Cotton Pants Expressway array;Norway Consultant
3;2019-05-09T23:50:00;orange Awesome Wooden Pizza Wyoming;76516;PENDING;calculate Borders;US Dollar withdrawal
4;2019-05-10T12:57:57;redundant Plastic Tenge;41614;PENDING;Hat Oregon Montana;THX architect
5;2019-05-09T16:29:19;Identity calculate;27941;PENDING;mint green systematic tan;revolutionize
6;2019-05-09T18:05:52;Personal Loan Account;57661;PENDING;solid state;Senior efficient
7;2019-05-09T22:16:01;South Carolina e-business Technician;2523;PENDING;EXE Persevering;back up
8;2019-05-10T00:48:39;Auto Loan Account Generic Cotton Cheese Decentralized;26537;PENDING;Bedfordshire;Program Response Savings Account
9;2019-05-09T17:35:09;solid state;58994;PENDING;Soap Buckinghamshire convergence;matrix Accounts
10;2019-05-10T06:45:17;transmitter Drive;67439;PENDING;world-class;Polarised European Unit of Account 9(E.U.A.-9)
