id;extra_name;description;extra_value;full_photo;full_photo_content_type;full_photo_url;thumbnail_photo;thumbnail_photo_content_type;thumbnail_photo_url
1;open-source Kuwait optical;online Utah COM;20584;4772616e697465;image/png;Program;457374617465;image/png;Incredible Sleek Arizona
2;Shirt Architect Developer;Automotive;32313;426f7264657273;image/png;open-source Burundi;4d6574616c;image/png;lime Chilean Peso Unidades de fomento Officer
3;feed;communities;86814;7768697465626f617264204865616c746820506f6c617269736564;image/png;SCSI Rhode Island Music;696e766f696365207768697465626f617264207061796d656e74;image/png;world-class
4;Orchestrator;utilisation;86643;496f7761;image/png;Refined withdrawal copy;68656c702d6465736b2053415320656d6272616365;image/png;Nigeria
5;firmware;seamless mesh;69546;4861697469;image/png;Advanced Awesome Rubber Mouse;58535320537572696e616d65;image/png;Lead cross-platform
6;enable;Moldova Operative;47669;6d6f6e69746f72204f7065726174696f6e732053706f727473;image/png;synergies;73747265616d6c696e6520617a75726520496e6c6574;image/png;Rustic
7;Money Market Account Fiji;system engine haptic Moldova;31130;6d6f7270682041646d696e6973747261746f7220627970617373696e67;image/png;Computer Dong;63617264;image/png;multi-byte
8;Universal;supply-chains Licensed connecting;37350;536f6c7574696f6e73;image/png;invoice Cambridgeshire;5368697274206e6578742d67656e65726174696f6e;image/png;Legacy efficient Exclusive
9;definition transmitter navigating;Trinidad and Tobago Dollar Licensed Savings Account;45176;53435349204669656c64204265726d756461;image/png;Home;4578636c75736976652062656e63686d61726b;image/png;Sleek Wooden Chips bi-directional
10;Russian Ruble deploy;Roads feed;1582;56697267696e6961207265636970726f63616c;image/png;asymmetric;6f6e652d746f2d6f6e65;image/png;extensible Practical Granite Bacon
