id;first_name;last_name;email;user_type;date_of_birth;gender;registeration_date;last_access;profile_status;telephone;mobile;hourly_pay_rate;thumbnail_photo;thumbnail_photo_content_type;thumbnail_photo_url;full_photo;full_photo_content_type;full_photo_url;active;shop_change_id
1;Jaiden;Wolff;Neil_Rempel@hotmail.com;SYSTEM_MANAGER;2019-05-10T11:30:56;MALE;2019-05-09T16:08:31;2019-05-10T09:18:36;ACTIVE;(708) 924-5183 x7457;generate Money Market Account;10593;696e766f69636520696e646578;image/png;Shoes;4a424f442061747469747564652d6f7269656e746564206d61726f6f6e;image/png;bluetooth orange Saint Barthelemy;true;81511
2;Lew;Morar;Marta_Hermann@gmail.com;SYSTEM_MANAGER;2019-05-09T21:30:37;MALE;2019-05-09T16:46:49;2019-05-09T21:33:57;ACTIVE;348-591-3346 x77825;reintermediate;41262;4b696473;image/png;e-business;7061796d656e74204572676f6e6f6d6963205275626265722042696b65;image/png;Kwacha Generic Granite Chicken;true;80498
3;Leanna;Gleichner;Reuben_Hammes@gmail.com;SYSTEM_MANAGER;2019-05-09T23:05:02;MALE;2019-05-10T10:44:15;2019-05-09T20:50:50;ACTIVE;1-742-032-0587;Producer Paradigm deposit;42124;536f6d;image/png;calculating scale West Virginia;73747261746567696320436c6f7468696e6720546f7973;image/png;Indiana Denar Paradigm;true;94067
4;Anabel;Gerhold;Hillard.Fadel84@hotmail.com;SYSTEM_MANAGER;2019-05-10T04:46:39;MALE;2019-05-09T22:18:12;2019-05-09T18:04:48;ACTIVE;701-261-1379;Ville Movies;28274;457874656e646564;image/png;open-source Engineer unleash;53686f6573;image/png;Movies Generic Fresh Towels Plastic;true;31518
5;Hank;Russel;Asa2@yahoo.com;SYSTEM_MANAGER;2019-05-09T17:17:25;MALE;2019-05-09T22:14:03;2019-05-10T03:54:23;ACTIVE;534.399.6931;Games;72000;7175616e74696679696e67;image/png;Macedonia Executive;4261687261696e20776972656c657373204d616c69;image/png;Intelligent Summit;false;42863
6;Cassandre;Connelly;Malika66@hotmail.com;SYSTEM_MANAGER;2019-05-10T05:53:29;MALE;2019-05-10T14:16:45;2019-05-09T20:53:12;ACTIVE;077.423.2815 x37775;yellow;87783;4469766973696f6e;image/png;Producer quantify;486f6c6c6f77;image/png;interactive target primary;false;65678
7;Ivory;Schuster;Genoveva.Botsford96@yahoo.com;SYSTEM_MANAGER;2019-05-10T03:12:50;MALE;2019-05-09T20:44:44;2019-05-09T21:35:40;ACTIVE;319-855-1465 x7136;customized Product Chips;50705;50616e7473;image/png;alarm hacking help-desk;6669726577616c6c20746f6f6c7365742041646d696e6973747261746f72;image/png;Liaison Saint Helena Pound;true;32301
8;Cassidy;Zieme;Wilhelm.Kautzer@hotmail.com;SYSTEM_MANAGER;2019-05-10T02:20:23;MALE;2019-05-09T22:30:34;2019-05-09T20:01:23;ACTIVE;1-828-951-7739;Internal withdrawal;31406;6261636b2d656e642042696b652062616e647769647468;image/png;Ergonomic program platforms;652d636f6d6d65726365204c6f75697369616e61;image/png;synthesizing Streets Engineer;true;3111
9;Brando;Ritchie;Bennett68@hotmail.com;SYSTEM_MANAGER;2019-05-09T19:14:11;MALE;2019-05-10T09:04:16;2019-05-10T13:55:26;ACTIVE;332-007-3467;Human Right-sized neural;5909;5541452044697268616d20466c6f726964612046616e746173746963;image/png;brand Synergistic;7072696d617279204c616e64696e6720426f6f6b73;image/png;driver Principal;false;12745
10;Ryann;Quigley;Watson_Vandervort69@gmail.com;SYSTEM_MANAGER;2019-05-10T02:21:12;MALE;2019-05-10T02:59:23;2019-05-10T09:01:02;ACTIVE;1-150-022-0054 x2385;contingency;29991;6d6174726963657320766973696f6e617279204f666669636572;image/png;Awesome Streamlined;434f4d204e6f72666f6c6b2049736c616e6420476f7267656f75732046726573682042696b65;image/png;Avon bandwidth;true;90962
