id;shop_name;shop_account_type;approval_date;address;email;description;note;landland;mobile;created_date;shop_logo;shop_logo_content_type;shop_logo_url;active;currency
1;Point Orchestrator;TRIAL_ACCOUNT;2019-05-09T19:43:35;installation;Maurice_Bauch32@gmail.com;red firewall open-source;deposit Sausages;disintermediate Cambridgeshire hacking;bricks-and-clicks Concrete Global;2019-05-09T18:43:03;426f726465727320636f6e74656e742d6261736564;image/png;Tasty Customer Human;true;B2B
2;Saint Helena Pound programming;TRIAL_ACCOUNT;2019-05-10T13:45:15;Cheese Dynamic Home Loan Account;Gage_Brakus97@gmail.com;clear-thinking;Latvia;Ports Manager Fish;Networked;2019-05-10T07:57:50;70726f6772616d20616c61726d;image/png;Nevada;false;turn-key dedicated
3;Wisconsin;TRIAL_ACCOUNT;2019-05-09T20:41:54;Borders North Dakota;Salvatore72@yahoo.com;local Shoes;Intelligent Frozen Sausages Villages;Human;back up Factors;2019-05-10T07:50:08;53444420646973696e7465726d656469617465207265696e76656e74;image/png;eco-centric Bedfordshire mesh;false;calculating Intranet Ergonomic Concrete Soap
4;Director Concrete Bedfordshire;TRIAL_ACCOUNT;2019-05-09T22:45:35;France protocol;Ramiro_Gaylord91@yahoo.com;Avon;Auto Loan Account olive;Yen;Unbranded Fresh Pants Tools California;2019-05-10T05:15:01;57616c6c697320616e6420467574756e61;image/png;generating;true;Assimilated
5;compressing;TRIAL_ACCOUNT;2019-05-09T19:54:17;composite Orchestrator Club;Amely.Dietrich@hotmail.com;Philippine Peso Metal;Strategist;card Licensed Cotton Ball;mindshare Gorgeous;2019-05-10T15:09:54;696e666f6d656469617269657320536f6d205275737469632046726f7a656e204b6579626f617264;image/png;Enterprise-wide Benin;true;invoice
6;invoice;TRIAL_ACCOUNT;2019-05-10T01:05:32;paradigms Organic strategic;Blanche.Ankunding@hotmail.com;Ergonomic Steel Gloves;Developer Shoes Music;Buckinghamshire Hollow Shoes;withdrawal Generic Frozen Tuna;2019-05-09T18:29:36;506572736f6e616c204c6f616e204163636f756e74;image/png;Cambridgeshire Norfolk Island;true;Checking Account
7;invoice Outdoors New York;TRIAL_ACCOUNT;2019-05-10T12:41:22;haptic parsing;Gerry_Schuppe90@yahoo.com;black;yellow;Books Generic;robust withdrawal generate;2019-05-09T23:24:54;687962726964;image/png;Solomon Islands Dollar;false;Accountability Handmade Cotton Bacon
8;intermediate Table quantify;TRIAL_ACCOUNT;2019-05-10T09:46:23;Louisiana JSON Texas;Hilda_Parisian75@gmail.com;Fantastic;Liechtenstein Buckinghamshire monetize;Direct;Small Frozen Salad bypassing;2019-05-10T07:15:21;4170706c69636174696f6e73204d6973736f757269206465706f736974;image/png;Gorgeous Money Market Account;true;ivory Data neural
9;Unbranded;TRIAL_ACCOUNT;2019-05-10T14:25:57;circuit Guam;Bianka68@hotmail.com;generating SDD bypassing;Algerian Dinar Fantastic Fresh Salad;Steel Avon Visionary;exploit transition;2019-05-09T20:15:59;50656e6e73796c76616e69612064796e616d69632062616e647769647468;image/png;navigate Oklahoma;false;National
10;supply-chains;TRIAL_ACCOUNT;2019-05-10T04:31:33;Handmade Wooden Cheese Fresh;Natalie_Rodriguez23@yahoo.com;seize Glen Refined;Mandatory Assistant;Strategist;Incredible Fresh Car Tuvalu;2019-05-09T15:56:33;6d6167656e746120686575726973746963;image/png;Credit Card Account Maryland Legacy;false;web-enabled Brand Regional
