id;event_name;event_date;event_api;event_note;event_entity_name;event_entity_id
1;Delaware;2019-05-10T06:09:59;Pakistan Rupee;Chicken;e-business RSS;51523
2;Officer Savings Account Automated;2019-05-09T20:03:03;B2B;Chair Awesome;Kiribati;35599
3;Regional;2019-05-10T12:41:01;open architecture alliance;online;Bulgarian Lev Cambridgeshire;15697
4;streamline Home SAS;2019-05-10T13:44:43;Savings Account Manager Guyana;Bedfordshire Auto Loan Account back-end;monitor Small Wooden Ball;13311
5;Bond Markets Units European Composite Unit (EURCO) connecting generate;2019-05-10T15:02:32;ADP;Hungary Configurable;interface;18228
6;Kentucky;2019-05-09T19:35:48;Incredible;Concrete National;Ranch impactful;64882
7;Club Nebraska;2019-05-09T22:05:24;Pennsylvania Michigan;Cotton encompassing;Dynamic Home Loan Account;24435
8;Cambridgeshire methodology;2019-05-09T17:21:55;Music;Pants;Avon;85081
9;Gorgeous;2019-05-09T20:25:59;Unbranded Fresh Car;Andorra;Rand Namibia Dollar Executive;89661
10;Wisconsin Human;2019-05-10T15:38:47;Engineer Bedfordshire feed;Assurance Nebraska Mississippi;synthesizing;20507
